(PDH-CSV 4.0) (China Standard Time)(-480),\\IP1\processor(_total)\% Processor Time,\\IP1\processor(_total)\% User Time,\\IP1\processor(_total)\% Privileged Time,\\IP1\Memory\Available KBytes,\\IP1\physicaldisk(_total)\% Disk Read Time,\\IP1\physicaldisk(_total)\% Disk Write Time,\\IP1\network interface(Intel[R] PRO_1000 EB Network Connection with I_O Acceleration _2 - Teefer2 Miniport)\Bytes Total/sec,\\IP1\network interface(MS TCP Loopback interface)\Bytes Total/sec
07:37.8,99.96966136,0.000136095,0.000144355,2925372,0.010100372,0.001061352,864.7500374,0.113991384
07:42.8,9.501557632,7.009345794,2.492211838,2878992,199.5052122,1.194267913,2274735.141,0
07:47.8,7.065218385,4.813664596,2.251551801,2816208,368.2510986,2.082319503,1520331.061,0
07:52.8,5.546874,3.828124,1.71875,2695760,898.179332,11.918,336550.4346,0
07:57.8,11.953126,8.046876,3.90625,2658792,173.611334,11.13,3482691.899,0
08:02.8,11.40625,7.109374,4.296876,2638020,289.601334,14.510666,4399487.451,0
08:07.9,10.1080237,5.555555556,4.552468148,2556800,1173.611192,28.02107062,4270697.277,0
08:13.0,20.66869301,17.40121678,3.267478176,2485560,551.7299297,16.7067876,3162570.486,0
08:18.2,41.09281533,33.15868168,7.934131737,2431560,406.1049102,26.2815176,11924936.97,0
08:23.3,46.105919,34.50155863,11.60436037,2386220,67.64793421,7.460685358,20876136.72,0
08:28.3,30.703124,20.9375,9.765626,2307544,583.052,15.246666,17138935.98,0
08:33.3,8.75,5.234374,3.515624,2202804,1948.870666,79.075334,1972880.605,0
08:38.3,25.000001,21.26168324,3.738317757,2114912,1554.342015,72.76128698,6401748.298,0
08:43.3,47.58566879,38.78504673,8.80062405,2085072,27.54126555,5.607143676,11722612.35,0
08:48.3,9.375,6.5625,2.8125,2031836,392.048668,17.065334,2632376.649,0
08:53.3,7.943925234,4.750777819,3.193145421,1965952,2018.978026,63.22841121,2838001.186,0
08:58.3,6.640626,4.0625,2.578126,1965164,2238.265334,44.641334,1960468.587,0
09:03.3,10.59190031,6.386292835,4.205607477,1964420,1422.153106,52.38961445,4355076.534,0
09:08.3,9.501557632,6.464175452,3.037382181,1965328,1774.482741,173.0884326,3747894.348,0
09:13.4,4.609374,2.890624,1.71875,1965064,2607.025332,126.136,1449831.912,0
09:18.4,4.891305342,2.795031056,2.096274286,1965508,2266.642816,271.6886122,697498.2764,0
09:23.4,56.77569994,53.81620037,2.959501558,1965284,1808.806813,294.0417874,2330640.874,0
09:28.4,42.95665734,40.17027765,2.786377709,1965460,1536.006604,443.3746942,1421589.372,0
09:33.5,17.97839407,15.58641975,2.391974321,1965300,1040.327243,292.328561,1651075.966,0
09:38.5,22.19626268,19.85981408,2.336448598,1964648,265.280331,8.347912773,2270717.93,0
09:43.6,5.512421366,3.881987578,1.630435776,1964104,813.2617819,10.88927404,1736228.878,0
09:48.6,3.816200374,1.791276262,2.024922118,1964032,2325.404443,28.73487153,979958.7766,0
09:53.6,11.60436037,9.813084112,1.791276262,1964080,1956.688682,52.23609421,418607.9383,0
09:58.6,29.43925234,25.000001,4.439253333,1965448,246.2305296,9.191277259,3642327.018,0
10:03.6,7.398754891,4.517133956,2.881618941,1964492,378.8986079,7.798962243,2788340.338,0
10:08.6,9.813084112,5.685357259,4.127726854,1964432,482.439046,64.61009346,2530949.888,0
10:13.6,4.361370717,2.570094455,1.791276262,1964644,1136.142222,64.37217097,738684.7202,0
10:18.7,19.78193146,13.16199277,6.619938692,1963268,312.7692621,25.71430879,9201351.265,0
10:23.7,15.68322981,9.860249441,5.822980373,1964352,72.33855205,4.281242236,10772332.26,0
10:28.8,14.49386405,8.742331288,5.751534724,1963928,545.8781173,22.54527607,5407864.32,0
10:33.8,15.49844336,9.890964735,5.607476636,1963880,472.5479556,106.5450467,9089383.445,0
10:38.8,15.80996785,9.034267913,6.775699938,1963768,951.1403524,103.7703836,8364403.476,0
10:43.8,8.17757109,4.828660436,3.348910654,1963732,2230.215243,252.7754108, ,0
10:48.9,36.44859813,32.71028037,3.738317757,1963596,1619.562866,225.1224922,4341346.722,0
10:53.9,22.50778717,18.69158879,3.81619838,1962776,1435.667539,179.4405822,3511550.728,0
10:58.9,5.82298236,3.571428571,2.251553789,1962016,2233.700043,86.24563081,2075197.105,0
11:03.9,10.28037383,6.464175452,3.81619838,1963840,1392.220642,79.43576324,4884120.873,0
11:08.9,38.78504673,34.73520249,4.049844237,1962316,87.62749807,9.744215327,4196838.979,0
11:14.0,58.92857043,52.48447205,6.444100373,1962328,118.7372263,10.36654311,10989847.12,0
11:19.0,19.23676112,16.97819315,2.258565981,1962420,47.61320872,1.294620312,3779297.26,0
11:24.0,12.85046629,9.112148536,3.738317757,1962360,435.3661468,9.350114891,4186179.397,0
11:29.0,44.40993789,36.41304447,7.996895404,1962324,8.917599006,4.996108323,10041636.41,0
11:34.0,17.60124611,11.05919003,6.542056075,1962288,40.94006231,3.31165109,10523147.18,0
11:39.5,39.85714286,35.49999909,4.357141943,1961968,297.0185143,108.5653321,5670608.737,0
11:44.5,24.53271128,14.8753904,9.657320872,1961944,395.0242153,36.84552573,15506425.3,0
11:49.5,18.69158879,13.70716511,4.984423676,1961316,62.60569121,7.781682243,10294749.66,0
11:54.6,36.68224199,31.2305286,5.451713396,1961864,387.5435923,91.07140187,6971243.216,0
11:59.6,16.74454928,10.28037383,6.464175452,1961864,190.9047566,56.38778816,9204686.755,0
12:04.6,54.36137072,46.02803838,8.333332336,1957624,12.05898168,41.59933408,15694554.04,0
12:09.6,33.80062305,29.75077882,4.049844237,1961612,106.4034891,3.614040125,6476593.662,0
12:14.6,38.39563763,32.24299065,6.152648972,1961444,15.74014604,2.86305296,5767077.256,0
12:19.6,10.98130941,6.542056075,4.43925134,1961332,691.1089505,133.4170717,5200202.667,0
12:24.6,10.28037383,6.152646978,4.127726854,1962028,1421.344963,214.0696982,3829450.834,0
12:29.7,6.308410218,3.738317757,2.570092461,1961872,1955.889844,31.12207751,2496877.497,0
12:34.7,10.98130941,7.242991651,3.738317757,1961492,1462.023178,157.6872274,2428028.299,0
12:39.7,5.900621118,3.105590062,2.795031056,1961500,2137.533748,39.24736994,961172.2163,0
12:44.7,33.87850368,29.36136972,4.517133956,1961452,1604.411548,68.25138243,4573877.267,0
12:49.7,19.00311526,13.62928449,5.373832773,1961400,748.9933956,308.4374649,9187703.939,0
12:54.8,11.60436237,7.242989657,4.361370717,1961760,1171.541599,339.1627843,4474536.282,0
12:59.8,19.54828561,17.75700935,1.791276262,1961300,1311.195181,166.235845,1671234.594,0
13:04.8,41.45962733,36.02484472,5.434782609,1960856,495.7171021,99.95461764,7243676.878,0
13:09.8,13.31775801,8.099688474,5.218069533,1960784,147.1980062,24.65827688,7639634.984,0
13:14.8,12.07165009,7.398754891,4.672897196,1961116,553.0583586,56.3944334,5609665.447,0
13:19.9,6.501547988,4.256964954,2.244581053,1960760,897.7350677,39.36099071,1567921.476,0
13:24.9,14.00928892,8.359133127,5.650155789,1960728,862.6995259,76.2669969,8133026.389,0
13:30.0,6.288818882,3.649069317,2.639751553,1961888,1933.566541,158.4364383,2321379.384,0
13:36.5,6.443914081,4.415274463,2.028639618,1962420,1280.597742,129.0025149,1183544.486,0
13:41.6,3.987730061,2.147239264,1.840490798,1962036,2236.400817,126.7874022,967604.3488,0
13:46.7,3.975535168,2.217124404,1.758408807,1961860,1746.112458,153.1361468,1054572.439,0
13:51.8,3.887196098,2.057927805,1.829268293,1961848,1362.54569,59.66113756,823254.1887,0
13:57.0,5.716462439,3.963414634,1.753049756,1961784,1449.793822,23.84260293,1814764.966,0
14:02.1,6.783537561,3.81097561,2.97256,1960988,1714.476098,126.0390244,2157946.137,0
14:07.2,6.192659572,3.822629969,2.37003156,1961056,1157.261569,88.00815364,1248219.247,0
14:12.3,66.84451317,63.1097561,3.734755122,1961040,66.08260098,7.439350244,3398291.123,0
14:17.4,5.868901463,3.658536585,2.210366829,1961788,684.9782127,8.371381463,2357446.633,0
14:22.6,5.798193735,3.990962892,1.807228916,1961328,2140.929799,114.9031325,1505135.127,0
14:27.8,34.01515055,30.75757576,3.257574788,1961016,1167.025778,78.51701139,1402103.695,0
14:32.9,12.76435142,7.250755287,5.513596133,1961740,110.9616918,7.777320604,8080150.059,0
14:38.1,11.85800508,7.930514562,3.927492447,1961236,494.025861,19.30827795,6033942.422,0
14:43.2,36.15384615,29.38461538,6.769230769,1962096,192.5520404,11.66900578,9339892.519,0
14:48.3,16.76829268,10.59451122,6.173779512,1961880,184.420162,41.03284488,7217717.652,0
14:53.4,27.14723926,17.02453988,10.12269939,1961040,182.7285085,78.34830331,16760026.44,0
14:58.5,23.21981424,14.31888644,8.900929783,1961620,140.7214028,10.58806885,13047499.03,0
15:03.5,38.58024691,33.02469136,5.555555556,1961104,8.317366914,3.215144691,7857346.34,0
15:08.7,12.19512195,7.774390244,4.420731707,1961028,6.355771707,4.365527805,7456513.856,0
15:13.8,32.72171254,28.82262899,3.89908159,1960280,224.9544553,9.75266055,5747882.316,0
15:18.9,27.80303127,25.37878885,2.424242424,1960140,206.6495341,18.3305057,2691443.324,0
15:24.0,42.58409688,39.06727731,3.516819572,1961264,31.52962349,6.999550826,2932635.629,0
15:29.2,32.12121212,28.48484848,3.636363636,1960884,75.59434279,7.189981091,3135447.371,0
15:34.3,22.72036571,19.68085204,3.039513678,1960816,62.16299964,16.95708207,3803019.714,0
15:39.4,6.26911315,4.510702385,1.758410765,1961184,578.1450765,195.1119266,2747894.309,0
15:44.5,20.94801223,13.07339547,7.874616758,1961072,256.0013054,36.14988722,9047800.32,0
15:49.7,15.65349544,9.574468085,6.079027356,1961156,347.5102736,160.1990672,10381135.26,0
15:54.9,9.214501511,5.740181269,3.474320242,1960632,210.2970393,59.48261897,1668932.471,0
15:59.9,21.53846154,13.53846154,8,1960512,410.60365,88.66592886,12577111.02,0
16:05.2,29.11676551,18.1886218,10.92814371,1960232,146.1805988,8.058761198,17447421.13,0
16:10.2,21.60493827,13.96605037,7.638889877,1960188,223.4561323,7.278354568,12152545.02,0
16:15.4,12.12349494,7.454818313,4.668674699,1960236,86.44497928,19.95244916,5818139.543,0
16:20.5,45.9752322,37.92569659,8.049535604,1960012,59.61907121,7.418452012,15284051.29,0
16:27.6,51.42857143,46.20879191,5.219779516,1961400,104.0105495,5.398505495,6878481.623,0
16:32.7,36.20426732,31.63109659,4.573170732,1960764,225.5063415,34.6504078,7592363.66,0
16:37.8,28.24074074,25.69444543,2.546297284,1960800,373.3307002,198.0240316,3423553.927,0
16:42.8,5.521472393,3.75766773,1.763802699,1960760,1185.10135,308.9282631,783897.559,0
16:48.0,27.88753897,25.45592802,2.431610942,1960516,1383.705289,371.2032409,1329465.681,0
16:53.2,6.473213333,3.794641905,2.678571429,1961112,1222.412699,136.0184133,1117450.192,0
16:58.4,3.990964819,2.108433735,1.882531084,1960444,1313.129639,172.6579913,759425.473,0
17:04.8,3.163017032,1.703163017,1.459854015,1960200,1661.244833,114.9550046,197551.8665,0
17:09.9,2.990796564,1.610430429,1.380368098,1960564,1251.974153,93.34053104,41996.39001,0
17:15.1,3.899083547,2.370029602,1.529051988,1960796,1330.025034,42.74365064,535205.0267,0
17:20.1,2.846152862,1.384615385,1.461537477,1960444,1671.494892,91.1012096,111613.9072,0
17:25.2,39.07692308,32.53846252,6.538462523,1960380,323.9725962,17.78937502,5925152.332,0
17:30.3,25.92592593,16.28086321,9.645060741,1960256,120.4510281,20.49514272,16752492.67,0
17:35.3,19.07692308,12.61538462,6.461538462,1960584,651.8016,49.87339618,10664114.23,0
17:40.4,9.692307692,6.538462523,3.153847138,1960336,352.2317135,40.13554806,4046715.766,0
17:45.5,13.19018405,7.898772025,5.291410061,1960292,60.4184854,7.410389202,7784941.855,0
17:50.6,11.73312982,7.898773988,3.834355828,1960448,57.00449963,5.014641472,6259561.981,0
17:55.7,7.021603951,4.62962963,2.391976296,1960904,312.7203299,34.74765432,1908022.89,0
18:00.8,5.182926829,3.658536585,1.524390244,1961280,2339.467317,164.8494302,946866.4075,0
18:05.9,4.552470123,2.469135802,2.083332346,1960116,4624.314074,402.4763793,590761.8532,0
18:10.9,5.340556285,3.792568669,1.547987616,1959848,3967.621548,92.62431307,17536.859,0
18:16.0,5.868903415,4.344513171,1.524390244,1959888,2174.390894,172.8026029,221771.6231,0
18:21.1,8.153846154,5.230769231,2.923076923,1959732,909.2332308,70.49780382,1308202.287,0
18:26.2,6.538460554,3.615383631,2.923076923,1959396,1314.977477,58.58002117,1389327.366,0
18:31.2,3.560371517,2.089784272,1.780186749,1959324,2194.444418,60.25312693,606396.4248,0
18:36.3,40.76923077,38.30769231,2.153846154,1959324,964.6001231,63.17357883,323139.545,0
18:41.4,5.692307692,3.384615385,2.307692308,1959536,1956.099281,83.44287311,1656326.896,0
18:46.5,6.05828319,3.374233129,2.684048098,1959928,1399.793211,124.6645399,1252744.943,0
18:51.5,7.352940186,4.489164087,2.86377808,1959864,1817.848338,94.87917375,2335365.025,0
18:56.6,8.487654321,5.787036049,2.700616296,1960868,1692.52675,74.70485531,2956403.996,0
19:01.7,47.08588957,43.32822184,3.757669693,1961016,221.6971779,11.63452074,5718022.797,0
19:06.8,18.15384615,11.92307594,6.230768246,1959916,140.3733327,31.00028652,7076745.707,0
19:11.8,14.81481481,8.410494815,6.404321975,1959568,400.7262558,101.8692998,7973576.516,0
19:16.9,16.94785374,9.355828221,7.592023558,1959356,574.2913708,133.7763612,11761294.95,0
19:22.1,10.21341463,7.012195122,3.201219512,1958504,115.187641,7.029592195,6462240.277,0
19:27.1,13.88036712,8.895705521,4.984663558,1959420,74.56523583,10.29889571,6029637.724,0
19:32.3,46.40672881,36.00917333,10.39755352,1959220,93.42760514,10.57011278,16721355.68,0
19:37.3,51.46153748,43.69230769,7.769229785,1959032,352.4752404,33.77296345,7888479.215,0
19:42.4,50.77399381,46.67182762,4.102168173,1960508,416.2978734,8.882724458,6695174.017,0
19:47.4,18.38461637,13.38461538,4.999999015,1959864,129.7572116,4.678236554,8243321.998,0
19:52.6,29.60122699,27.3006135,2.300613497,1959740,213.8457247,3.031165644,4069034.959,0
19:57.6,14.53846055,10.15384615,4.384616369,1960672,233.088,45.74391729,4064390.055,0
20:02.7,26.85185185,24.45987556,2.391974321,1959736,820.3562153,181.9950617,1865461.972,0
20:07.8,28.30769231,26.69230868,1.6153856,1960360,909.6211692,89.76935385,2085537.655,0
20:12.8,21.15384714,13.69230769,7.461537477,1960208,280.7387884,55.03081157,10583719.93,0
20:18.0,22.48475512,13.33841366,9.146341463,1959720,645.0432527,107.7177229,12758297.01,0
20:23.1,4.984663558,2.607361963,2.377301595,1960156,1250.097997,146.1529659,1660860.039,0
20:28.1,2.923076923,1.6153856,1.307691323,1960072,1573.276225,123.9873634,855691.1008,0
20:33.2,7.120743034,4.489164087,2.631578947,1960048,1657.067657,209.2311242,2510875.598,0
20:38.3,8.282208589,5.214723926,3.067484663,1959984,1229.517874,44.84842601,3104597.026,0
20:43.4,8.052146258,5.36809816,2.684050061,1959724,1336.55362,111.4346012,2785102.29,0
20:48.5,7.076923077,4.230768246,2.846152862,1959860,964.9552404,26.30432886,1302961.723,0
20:53.6,8.944955107,5.504587156,3.440367951,1958260,1189.194373,70.91734899,4882829.26,45.43881367
20:58.6,8.204334365,5.572755418,2.631578947,1958024,1106.804377,38.68664669,1830354.755,0
21:03.7,19.05864099,16.1265442,2.932098765,1957560,1029.283291,152.7986825,3356741.834,0
21:08.7,3.846153846,2.538460554,1.307691323,1957436,1797.814483,171.2876308,867567.9749,0
21:13.8,4.524540859,2.837424294,1.687116564,1958508,2750.63362,111.1892025,1190078.334,0
21:18.9,51.69230769,47.38461538,4.307692308,1958228,740.9939692,50.93874806,3064117.993,0
21:24.0,22.30769231,13.38461538,8.923076923,1958104,62.18830769,10.70933465,13573774.32,0
21:29.1,13.7345679,8.719134815,5.015433086,1958112,150.8516879,3.651685926,8759325.828,0
21:34.2,23.09451122,19.51219512,3.582316098,1957844,216.8403239,3.959676098,3648084.553,0
21:39.3,18.38461637,11.30769329,7.076923077,1957632,378.3594673,80.61308652,8032589.346,0
21:45.1,13.14016086,8.355795148,4.784367439,1957544,438.5914825,49.6480138,7118632.536,0
21:50.1,3.027951304,1.397515528,1.630433789,1957536,583.1453416,105.6086142,656494.7191,0
21:55.1,11.91950464,7.507738947,4.411765697,1958584,2240.505923,356.7019195,7389228.427,0
22:00.2,5.24691358,2.777777778,2.469135802,1958764,2241.106173,139.0953086,2173472.362,0
22:05.3,9.104938272,6.327160494,2.777777778,1958580,1079.866997,240.6070775,6365038.222,0
22:10.3,13.11728395,8.564815802,4.552468148,1959112,868.6380247,37.57432099,6592998.402,0
22:15.4,6,3.076923077,2.923076923,1959080,1444.51479,36.49509809,2452251.777,0
22:20.5,6.811145511,3.715170279,3.095975232,1959328,2192.470257,54.92309598,2706814.468,0
22:25.5,4.706789136,3.009258272,1.697530864,1958820,1819.947324,178.0562963,1675603.811,0
22:30.6,10.24464832,6.422018349,3.822629969,1958720,897.7934366,45.72444379,4970040.77,0
22:35.8,14.02439024,11.12804878,2.896341463,1958752,2097.130406,144.882601,2831831.637,0
22:40.8,26.38888889,24.22839506,2.160493827,1958792,1489.717861,138.3446914,1608770.66,0
22:45.9,47.60062019,42.41486068,5.185759505,1958892,641.2945298,95.29659443,6755304.823,0
22:50.9,36.61538462,33.84615385,2.769230769,1958588,86.15844037,1.703384615,2391092.902,0
22:56.0,54.58715596,50.84097957,3.746176391,1958540,237.5156785,28.18805431,3125553.086,0
23:01.1,5.108359133,3.018574861,2.089784272,1961940,489.7122814,60.80264124,1879004.69,0
23:06.2,6.481481481,4.320987654,2.160493827,1960708,930.3624691,37.12065778,2681873.457,0
23:11.3,25.15337423,18.09815951,7.055214724,1960552,58.26682896,49.57840491,6117165.777,0
23:16.3,18.32821988,10.88957055,7.438649325,1961180,67.93030675,7.210143804,10161003.59,0
23:21.4,26.30368196,18.55828221,7.745399755,1960920,658.3662999,43.2196319,10050359.93,0
23:26.5,24.45987556,16.82098765,7.638887901,1960244,253.271439,40.50567901,13521809.75,0
23:31.5,20.52469136,15.27777778,5.24691358,1959972,114.6620583,7.39094716,9159668.047,0
23:36.7,19.80122422,12.15596428,7.645259939,1959952,566.8031804,24.42633982,13350080.35,0
23:41.8,9.202453988,5.674846626,3.527607362,1959832,1978.891125,380.9105924,2515381.602,0
23:46.8,4.566562477,2.012383901,2.554180557,1959188,1941.814158,276.8848723,1149755.525,0
23:51.9,50.46296296,45.98765432,4.475308642,1963620,708.725596,246.9906173,4138828.893,0
23:56.9,44.30769231,40.61538462,3.692307692,1963932,110.2670769,2.445784615,3445588.95,0
24:02.0,18.59568,13.58024691,5.015431111,1965216,282.4263388,10.45267358,5615020.18,0
24:07.1,11.45510836,8.126933994,3.328174365,1963512,174.5766757,1.171021672,6129058.364,0
24:12.1,8.972391656,6.05828319,2.914110429,1963332,167.8475269,6.44580908,3304569.328,0
24:17.8,6.043956044,3.640109011,2.403845275,1964064,933.9182418,107.5065196,1559497.265,0
24:22.9,8.052148221,4.447852761,3.60429546,1963840,1427.742494,106.2707573,2421307.725,0
24:28.0,13.30769132,8.461538462,4.846152862,1964108,1674.478277,235.804225,8156038.292,0
24:33.1,3.79257065,2.321981424,1.470589226,1963908,1230.497421,207.6222078,195621.0273,0
24:38.1,2.999999015,1.769231754,1.230769231,1963832,1190.57001,40.79261538,16541.98,0
24:43.2,2.160493827,0.925925926,1.234567901,1963804,1421.541399,57.58749037,58190.90882,0
24:48.3,26.78018576,23.99380805,2.786377709,1963968,703.0700523,24.74534638,1700817.743,0
24:53.4,14.18711755,11.04294479,3.144170798,1964220,1040.682536,152.722454,1966739.473,0
24:58.4,27.0962723,21.04037168,6.055900621,1964068,571.877764,24.90699727, ,0
25:03.4,20.97523319,10.52631579,10.4489174,1963628,328.3946323,35.32152669,9937242.641,0
25:08.5,24.37888199,15.45031155,8.928570435,1963752,233.1395458,68.22095304,16811857.92,0
25:13.5,12.26708075,7.763975155,4.50310559,1963360,39.26459627,4.185176646,5053636.557,0
25:18.5,8.385093168,4.813664596,3.571428571,1963096,2139.205299,165.7069973,3886790.343,0
25:23.6,23.45201139,19.58204235,3.86996904,1963260,1194.620433,88.46926663,3544728.762,0
25:28.6,27.48447205,23.29192547,4.192546584,1963072,390.1528785,30.07006211,5047066.414,0
25:33.6,6.501547988,3.947369412,2.554180557,1963980,891.4381018,259.2178328,1692304.418,0
25:38.7,29.43925234,26.79127726,2.647975078,1962952,423.1463337,16.36153819,3449467.448,0
25:43.7,64.51863453,57.60869565,6.909936894,1963588,61.61225739,7.618385093,11369689.92,0
25:48.7,11.21495327,7.320872274,3.894080997,1963500,206.4162811,22.77349882,5905009.11,0
25:53.7,10.20249121,6.386292835,3.816200374,1962936,70.73362542,7.696614081,4946245.429,0
25:58.8,45.96273292,42.0031046,3.959626335,1962860,111.2076184,5.810353292,5971811.278,0
26:03.8,17.18266254,15.01547988,2.167182663,1962556,40.36557276,2.87372483,3132609.027,0
26:08.8,20.60185284,13.6574084,6.944444444,1962500,223.3112751,19.34288,10065882.73,0
26:13.9,57.66253771,50,7.66253969,1963296,143.4016099,7.115294118,12618836.51,0
26:18.9,27.5621128,22.74844621,4.813664596,1963348,16.27892472,4.014906832,6601210.558,0
26:24.0,18.55589963,12.11180124,6.444098385,1963336,20.0301436,7.915198012,9981491.355,0
26:29.0,10.48136745,6.444100373,4.037267081,1963444,101.8269158,5.701034534,5747996.113,0
26:34.0,6.133539379,4.347826087,1.78571528,1963184,1446.04091,206.5808696,2081952.55,0
26:39.1,38.08411315,33.80062305,4.2834881,1963216,217.4311955,158.3298851,5637717.785,0
26:44.1,33.46273193,29.19254658,4.270187329,1962712,545.7338296,57.77490683,2715497.434,0
26:49.2,18.02147337,12.49999902,5.521472393,1962060,30.57341448,19.91460123,8583907.965,0
26:54.2,32.6388879,26.69753086,5.941357037,1963620,177.1081481,105.3030459,9223071.24,0
26:59.3,14.55108359,9.442724458,5.108359133,1963380,72.60070241,5.184727183,8711221.939,0
27:04.3,24.61180224,16.61490683,7.996895404,1962636,28.67412075,13.63146932,13690245.79,0
27:09.4,39.70588136,29.48916508,10.21671827,1963052,141.4683998,40.16346749,14296439.06,0
27:14.4,41.14906832,31.83229814,9.316770186,1962680,244.2520904,85.73217391,16577658.5,0
27:19.4,15.49844336,9.112148536,6.386292835,1963300,414.166398,42.66134928,8661000.521,0
27:24.4,10.35825445,5.841122492,4.517133956,1962116,1065.847891,244.7897002,6368900.986,0
27:29.5,9.182099753,6.558640988,2.62345679,1962612,1570.132016,316.3489699,3998259.829,0
27:34.5,23.90625,21.171876,2.734374,1963140,1427.669334,96.637334,1796752.692,0
27:39.5,19.08099589,17.28971963,1.791278255,1962984,1653.53404,75.03950156,1380800.536,0
27:44.5,3.894080997,2.881618941,1.012460062,1964712,2185.265711,243.9283898,333839.9514,0
27:49.5,44.1588795,41.66666766,2.492211838,1964960,364.2364272,35.2890557,2555368.815,0
27:54.5,51.40186916,46.57320872,4.828660436,1964708,73.66911801,9.342139813,5618433.143,0
27:59.5,11.171874,7.265624,3.90625,1964736,168.7,17.672,4843935.918,0
28:04.6,12.22741533,8.02180785,4.205607477,1963368,90.20676984,30.71069508,5438028.408,0
28:09.6,14.40809869,9.579438255,4.828660436,1963304,467.4578622,22.59007202,5946376.132,0
28:14.6,30.57275641,21.67182663,8.900929783,1963180,137.1911648,5.42381969,10336985.6,0
28:19.7,31.28881888,24.37888199,6.909936894,1962972,680.7089034,54.9214072,11894055.5,0
28:24.7,9.296876,6.640626,2.65625,1963488,2229.984666,196.568,2307344.309,0
28:29.7,48.13664596,44.95341516,3.183230807,1963144,715.4809123,104.6969779,2874711.438,0
28:34.7,27.71739031,20.49689441,7.220495901,1962944,216.8400815,7.088363727,12627651.17,0
28:39.8,13.97515528,10.32608795,3.649069317,1964052,92.99213317,10.37382957,7309679.113,0
28:44.8,35.390626,30.703124,4.6875,1963876,33.606,10.929334,5350545.774,0
28:49.8,25.23364486,21.8847362,3.34890866,1964560,4.298566978,15.18454829,5106694.124,0
28:54.8,25.23291826,21.73913043,3.493789814,1963992,311.0300621,103.0048855,7542534.852,0
28:59.8,34.19003215,31.15264798,3.037382181,1963920,45.14824573,9.952897196,3707307.092,0
29:04.8,13.55140187,7.710279377,5.841122492,1962952,340.3610378,90.8514233,5086335.71,0
29:09.8,14.48598131,9.501557632,4.984423676,1962696,478.1079128,35.94101832,6777602.036,0
29:14.9,29.17956557,23.91640966,5.263157895,1961968,530.4536629,125.8019388,5100721.96,0
29:19.9,41.015626,33.4375,7.578124,1961928,79.358668,47.819334,14091718.44,0
29:24.9,45.63862928,32.94392424,12.69470505,1961752,27.94799452,11.63165109,19884366.57,0
29:30.0,22.05882254,13.54489263,8.513931889,1962696,81.76148607,13.06088817,14789774.71,0
29:35.0,9.921876,6.25,3.671874,1959620,291.512668,101.693332,4419107.579,0
29:40.0,16.84782509,10.2484472,6.599379876,1960104,382.277432,34.73888199,11578197.59,0
29:45.0,22.03125,14.609374,7.421874,1960912,125.621334,43.963334,11094342.65,0
29:50.0,61.60436237,55.99688573,5.607476636,1960708,271.0815362,162.7008937,9015453.083,0
29:55.0,9.520122848,4.566562477,4.953560372,1961172,1159.399298,124.3416292,4739807.611,0
30:00.0,17.5,15.234376,2.265626,1961072,1496.414,172.051334,2406598.692,0
30:05.1,21.46153945,18.30769231,3.153845169,1960376,1438.610381,34.65058462,2742096.971,0
30:10.1,54.98442368,49.84423676,5.140186916,1960796,244.367683,19.02122467,4876186.259,0
30:15.2,32.71028037,25.7788152,6.931465171,1960744,341.2223482,27.83302181,9762247.235,0
30:20.2,10.04672798,5.763239875,4.2834881,1960624,1025.054038,191.1200837,4840869.019,0
30:25.2,19.31464174,14.79750779,4.517133956,1960052,341.0827843,16.34625196,5719065.339,0
30:30.2,53.19314741,47.04049844,6.152648972,1960016,47.92224299,2.590570467,8550810.355,0
30:35.2,10.3125,6.09375,4.21875,1962992,910.07,27.231334,5587657.103,0
30:40.2,12.65625,8.125,4.53125,1962500,413.452666,21.335332,4964966.457,0
30:45.2,46.015624,38.28125,7.734374,1962156,132.340666,10.351334,11835230.86,0
30:50.2,10.703126,6.875,3.828126,1962740,8.708668,4.462666,4991292.619,0
30:55.2,19.04388614,13.1661442,6.191221567,1962596,25.105332,5.561334,10145611.92,0
31:00.2,6.25,4.0625,2.1875,1963108,50.60810188,1.446347233,2517663.255,0
31:05.2,31.85358355,25.15576424,6.386292835,1962752,66.33047706,9.620622971,7678030.402,0
31:10.2,27.24458204,20.12383901,7.120743034,1962120,659.6603502,166.9680089,10557811.56,0
31:15.3,10.2484472,6.677018634,3.571428571,1962332,2091.059546,212.1759006,3059344.715,0
31:20.3,29.04984324,24.92211838,4.127726854,1962312,1093.79057,330.3769042,4061632.313,0
31:25.3,64.8753904,57.78816199,7.087226417,1962248,58.5643205,10.10176598,9410327.004,0
31:30.3,11.13707065,7.554516137,3.582554517,1962108,125.6500097,40.94604361,6845978.461,0
31:35.4,11.95652174,5.745341615,6.211180124,1962024,19.44182261,4.030807453,6007774.759,0
31:40.4,39.6875,33.046876,6.953126,1962684,57.985332,5.192,10577955.69,0
31:45.4,13.78504773,8.333332336,5.140186916,1962196,239.9853797,22.64124611,5221496.854,0
31:50.4,14.140624,8.671876,5.46875,1962620,739.742,23.594,5861032.031,0
31:55.4,37.5,31.328124,6.171874,1962160,651.950666,162.91,6789833.785,0
32:00.4,15.88785047,9.034267913,6.853582555,1962636,138.0725234,30.70006231,8154673.46,0
32:05.4,23.60248447,11.95652174,11.64596273,1962444,204.6787578,55.40438857,16226699.99,0
32:10.4,23.67601246,16.12149632,7.554518131,1962232,79.44506816,12.03638629,15121927.34,0
32:15.5,63.93188854,60.37151703,3.560371517,1962292,81.84140285,6.662869598,5588835.935,0
32:20.5,12.53918495,7.445140063,5.094042884,1961596,45.2025921,3.903532539,6301437.064,0
32:25.5,53.80434882,49.68944099,4.114907826,1961396,87.4752795,5.288280248,6106415.798,0
32:30.5,10.078124,6.171876,3.90625,1961300,1.754666,2.042668,6524654.833,0
32:35.5,40.078126,34.84375,5.234374,1961216,534.252668,185.9,6385545.939,0
32:40.5,10.28037383,6.464173458,3.816200374,1961672,1025.634891,272.250549,5029817.612,0
32:45.5,5.529594019,3.426791277,2.102802741,1962636,1454.688764,258.896947,1159357.161,0
32:50.5,6.171876,3.4375,2.734376,1962280,2078.223334,414.199334,2495457.718,0
32:55.6,40.2173913,36.02484472,4.192546584,1961844,805.3962733,125.5075776,7288557.067,0
33:00.6,15.0621118,9.704969938,5.357141863,1961932,156.2520904,27.80289789,8316658.008,0
33:05.6,9.472049689,5.590062112,3.881987578,1960868,406.2886957,6.043561739,3985027.579,0
33:10.7,17.67912673,10.20249121,7.476635514,1961256,436.7544763,81.37902455,9180624.38,0
33:15.7,13.125,7.578126,5.546876,1961128,1523.934666,214.238666,6590693.379,0
33:20.7,9.21875,5.625,3.59375,1961096,2246.362666,222.263334,3569301.337,0
33:25.7,23.36448598,13.23987539,10.12461059,1960744,587.243532,133.4476421,10776285.05,0
33:30.7,51.71875,48.515624,3.203124,1961192,653.828666,32.879334,3840689.736,0
33:35.7,5.124223602,2.872671801,2.251553789,1961156,2151.797929,120.3518012,1205125.856,0
33:40.7,4.361370717,2.180685358,2.180685358,1960972,1357.828785,246.0271651,1541296.653,0
33:45.7,10.078126,6.09375,3.984374,1960600,1285.289334,83.71,4097587.206,0
33:50.7,3.4375,1.71875,1.71875,1960896,2036.689334,33.584666,686209.9135,0
33:55.7,14.01869159,8.099688474,5.919003115,1960544,1956.949864,69.74471377,8385567.024,0
34:00.7,12.18944,7.608695652,4.580746335,1960404,1263.90526,36.43693714,5233818.628,0
34:05.8,2.717392298,1.785713292,0.931677019,1961308,1426.006128,40.30741068,469627.5305,0
34:10.8,6.754657391,4.347826087,2.406831304,1961268,2485.695072,69.86865491,646923.1546,0
34:15.8,6.366459627,4.425466832,1.940994783,1961724,1557.149814,55.51900621,1679782.539,0
34:20.9,9.627329193,5.512421366,4.114905839,1962124,1264.060953,77.97002137,3404946.493,0
34:25.9,7.531056894,5.124223602,2.406833292,1962248,1865.22501,53.54931677,3210862.607,0
34:31.0,11.3003096,6.578948359,4.721361238,1962016,1911.740764,116.5896381,4919313.019,0
34:36.0,62.73291925,60.48136547,2.251553789,1961816,427.5279503,90.99395379,2671466.855,0
34:41.0,8.928570435,7.996895404,0.931677019,1961812,2.692505839,0.789068323,477567.7545,0
34:46.0,34.16149068,29.65838509,4.50310559,1961408,291.8042236,29.34923528,4099935.232,0
34:51.1,9.752321981,5.959751331,3.792568669,1961188,90.31397251,6.018244954,4326958.093,0
34:56.1,37.38390192,33.66873164,3.715170279,1961444,148.0526722,7.220309598,4580795.134,0
35:01.2,19.31464174,11.83800623,7.476635514,1961296,35.85462231,7.614205607,7289649.745,0
35:06.2,25.92592593,14.27469037,11.65123556,1961112,130.9906173,9.848888889,14651720.72,0
35:11.3,62.1517018,55.65015579,6.501547988,1961252,616.2414028,170.8727341,8774202.301,0
35:16.3,13.08049635,8.66873065,4.411763715,1962076,357.7434888,59.36941176,6737057.006,0
35:21.4,13.50308543,9.953702716,3.549382716,1961976,443.3362963,157.211524,6667513.102,0
35:26.4,29.33436632,17.26006291,12.07430341,1961756,129.9761397,11.58868805,19616601.02,0
35:31.5,22.98136646,19.02173814,3.959628323,1961816,43.25565217,1.181946832,4409533.243,0
35:36.5,41.28086321,38.58024691,2.700616296,1961768,749.399836,27.89728395,3139748.276,0
35:41.6,6.327160494,4.475308642,1.851851852,1961656,1295.294815,128.8105343,1414061.761,0
35:46.6,15.78947368,12.84829721,2.941176471,1961552,1737.382043,129.6657179, ,0
35:51.7,20.0617284,15.20061827,4.861112099,1961460,600.6781886,219.8235398,4991980.355,0
35:56.7,5.030960743,2.708977337,2.321981424,1961272,2000.414777,275.7957469,1286795.167,0
36:01.8,3.858024691,1.929013333,1.929011358,1961960,2817.754734,115.0413175,353878.7534,0
36:06.8,35.75851393,31.73374613,4.024767802,1961412,1128.059772,415.1922388,4422548.64,0
36:11.9,17.83488997,9.190031153,8.64486081,1961324,44.0795853,7.908619564,9996825.711,0
36:17.0,30.38461637,18.23076825,12.15384615,1961044,315.9387904,105.1772711,17908514.65,0
36:22.0,22.59316671,14.28571429,8.307452422,1961776,360.0907647,12.37465839,14164128.86,0
36:27.0,11.37770997,8.823529412,2.554180557,1961616,1718.71769,60.39446985,3045054.672,0
36:32.0,36.72360149,31.13354137,5.590062112,1961588,421.9932084,30.48678957,5703182.347,0
36:37.1,19.21296395,14.42901136,4.783950617,1960912,66.32098765,48.59917827,9418935.414,0
36:42.1,12.14953271,7.398754891,4.750777819,1961252,716.9973832,13.05786019,6474414.323,0
36:47.2,5.685357259,3.738317757,1.947041495,1961272,2177.131131,204.2822839,1688454.565,0
36:52.2,6.191950464,3.86996904,2.321981424,1961088,1437.219402,176.5937674,1696291.256,0
36:57.3,5.941359012,3.858024691,2.083332346,1960900,3066.756873,242.5455151,1556673.894,0
37:02.3,7.745397791,4.984661595,2.760736196,1962996,1277.341185,36.64032589,1677594.933,0
37:07.4,34.75232297,32.04334365,2.708979319,1961052,558.4630767,12.37003096,3263238.601,0
37:12.4,71.82662539,66.09907121,5.72755418,1960728,111.4511455,10.2730244,7203249.911,0
37:17.5,18.28703605,14.81481481,3.472221235,1960756,283.5022222,2.986666667,3608290.826,0
37:22.5,12.73291925,7.996895404,4.736025839,1960684,378.6785908,12.13283578,5825751.583,0
37:27.6,5.495357028,2.941176471,2.554178576,1962164,310.1549652,28.88388161,1833250.602,0
37:32.6,16.04361371,9.890964735,6.152648972,1961168,671.3287636,53.70948984,7493352.255,0
37:37.6,22.11838006,16.51090343,5.607476636,1961616,55.24868187,14.83298093,6435360.202,0
37:42.7,23.07098667,16.89814914,6.172839506,1961576,120.7585185,8.967243457,8228343.387,0
37:47.7,57.79321086,50.15432099,7.638887901,1961472,3.39884642,3.861068642,14270432.5,0
37:52.8,36.60990613,30.57275443,6.037151703,1961028,56.23215752,3.60883517,8266808.441,0
37:57.8,11.25776497,7.686336398,3.571428571,1961352,120.3571021,12.4833113,5246094.884,0
38:02.9,8.385093168,5.357141863,3.027951304,1960572,1118.092587,192.926875,3494771.371,0
38:07.9,7.320872274,3.816200374,3.5046719,1962164,2858.95244,78.28602218,3537247.684,0
38:12.9,50.54517034,47.04049844,3.504673894,1960692,795.9327103,39.48926206,2061911.614,0
38:17.9,11.95652174,10.48136547,1.475154286,1960588,362.0962325,363.538552,962897.3804,0
38:23.0,31.86728494,29.01234568,2.854939259,1961848,909.6243615,25.73563654,1506045.956,0
38:28.0,7.817336471,5.185759505,2.631578947,1961336,1027.471455,90.74724458,1819499.1,0
38:33.0,5.841122492,3.582554517,2.258565981,1961484,1153.026791,127.2928778,2017478.654,0
38:38.0,6.71875,3.75,2.96875,1961224,2013.528,87.484666,3748538.608,0
38:43.1,8.462731925,4.347826087,4.114907826,1960956,1452.483975,173.4578882,4089415.083,0
38:48.1,6.484376,3.75,2.734374,1960912,1020.439334,95.812,1722405.509,0
38:53.1,12.890624,6.953124,5.9375,1960680,1124.035334,101.51,5468013.999,0
38:58.1,19.19504644,9.365326068,9.829722353,1960568,1326.774158,103.0373588,10934011.17,0
39:03.1,8.074534161,4.347826087,3.726708075,1959500,2017.80737,209.0209511,5398782.977,0
39:08.2,7.788161994,5.062304299,2.725855701,1959864,1640.779897,200.864965,4424812.944,0
39:13.2,5.295950156,3.426791277,1.869158879,1960740,1111.206147,100.2646729,1381270.185,0
39:18.2,4.347826087,2.639751553,1.708074534,1960072,1242.994618,147.7373078,1433757.714,0
39:23.2,11.3003096,6.424149598,4.876161981,1959768,1717.27191,120.5287093,5059919.778,0
39:28.3,15.57632399,9.968847352,5.607476636,1960808,1749.872315,97.09192174,7882135.114,0
39:33.3,6.944444444,3.935184198,3.009258272,1960696,1060.665679,61.07786074,1811529.521,0
39:38.4,9.890966729,5.451713396,4.439253333,1961372,1462.201953,119.8042776,6812855.716,0
39:43.4,5.650153808,3.095975232,2.554178576,1961156,1283.945675,70.07042378,2317964.006,0
39:48.4,14.62848396,13.15789474,1.470589226,1960664,1335.933622,56.15752322,1108736.172,0
39:53.5,8.618011429,5.279503106,3.338508323,1960624,2540.237516,66.35726708,2480575.047,0
39:58.5,15.78125,13.4375,2.34375,1961084,1777.417334,33.594666,1740119.942,0
40:03.5,7.710281371,4.672897196,3.037384174,1960884,1345.579729,36.80365458,2525693.708,0
40:08.5,7.996893416,4.891305342,3.105590062,1960796,1798.681574,36.74699925,2224018.159,0
40:13.6,8.436533498,6.114550093,2.321981424,1960820,1216.902868,72.69779022,898862.8868,0
40:18.6,67.83488997,65.03115364,2.803738318,1961116,464.406065,126.72,1902990.877,0
40:23.6,25.23364486,21.57320773,3.66043514,1960740,226.2203953,33.19360399,5409585.038,0
40:28.7,7.198143406,4.489164087,2.708979319,1960672,374.596161,27.61708978,2236862.838,0
40:33.7,17.21183701,9.267913769,7.943925234,1960880,108.2483898,4.79833919,9413027.977,0
40:38.7,6.464175452,4.361370717,2.102802741,1961224,1384.813791,36.37898168,1603436.152,0
40:43.7,16.43302081,14.25233545,2.180685358,1961676,496.3728349,25.71630255,1589735.503,0
40:48.7,16.02167282,10.4489174,5.572755418,1959524,99.39087653,8.194510464,6411073.599,0
40:53.8,14.51863255,8.695652174,5.82298236,1958928,180.1421118,10.45995925,5929619.463,0
40:58.8,24.8447205,16.14906832,8.695652174,1958732,61.18757764,8.639336149,16815767.45,0
41:03.8,21.89440994,14.36335304,7.531054907,1958400,147.2410773,44.64165764,15287569.5,0
41:08.9,16.12149632,11.68224299,4.439253333,1958288,252.8232593,26.73511875,6360834.406,0
41:13.9,7.120743034,4.102168173,3.018574861,1958204,1151.966316,73.70963814,2530571.452,0
41:18.9,12.1517018,7.198141424,4.953560372,1958736,1277.095894,211.8003715,5701968.409,0
41:24.0,41.84782708,38.35403727,3.493789814,1960016,1233.882898,129.684804,4874805.064,0
41:29.1,6.615384615,4.384616369,2.230768246,1959576,2148.420923,195.4934154,2377610.881,0
41:34.1,5.20186236,2.406831304,2.795031056,1959472,2360.72414,257.3906425,705593.4267,0
41:39.1,7.043344644,4.489164087,2.554180557,1959528,1939.686111,84.10352941,845174.4486,0
41:44.2,3.97196162,2.102804735,1.869158879,1959416,2723.931713,206.1099065,431010.728,0
41:49.2,1.940994783,0.931677019,1.009315776,1959884,2548.650932,14.75378882,95085.76698,0
41:54.8,6.371191136,4.293628809,2.077562327,1961024,1831.901607,4.581052632,687766.5109,0
41:59.9,4.906541059,3.193145421,1.713395639,1960960,1574.772169,17.5783995,1179499.884,0
42:04.9,4.347826087,2.562112795,1.78571528,1960224,2189.302195,46.92273292,1330442.597,0
42:09.9,7.686336398,3.804346832,3.881987578,1960608,2571.70882,87.36662658,1477358.315,0
42:14.9,5.66770087,3.183230807,2.48447205,1960600,1709.562568,35.68364323,1168276.434,0
42:20.0,16.22670907,14.51863255,1.708074534,1960448,1654.908156,200.7466673,418983.1536,0
42:25.0,6.21165546,3.834355828,2.377299632,1960388,1554.028631,75.1391411,1349947.404,0
42:30.1,14.31888644,9.210527307,5.108359133,1960916,1023.974901,136.0802477,8280674.561,0
42:35.2,18.09006112,15.60558907,2.48447205,1960552,590.0826494,11.35966807,2313571.431,0
42:40.2,7.66253969,5.650155789,2.012383901,1959680,1438.753024,22.29432471,894433.5784,0
42:45.2,5.900621118,3.338508323,2.562112795,1960900,1447.526957,90.57059975,726882.756,0
42:50.3,50,44.64285814,5.357141863,1960244,893.8381774,86.9426087,6961021.242,0
42:55.3,43.53582455,38.31775701,5.218069533,1960728,964.5936449,125.008016,4981803.204,0
43:00.3,12.46105919,6.542056075,5.919003115,1961008,405.1346223,53.84373832,6275268.169,0
43:05.3,9.735203489,5.996883738,3.738317757,1960360,319.5095327,9.377363738,4017911.798,0
43:10.3,31.30841121,26.47975078,4.828660436,1960240,528.8539973,73.91102804,6918308.364,0
43:15.4,18.49845102,13.39009387,5.108359133,1960208,205.2616718,18.05275542,4077850.368,0
43:20.4,15.2173913,10.17080646,5.046582857,1960128,142.7590897,37.84678957,7746445.922,0
43:25.4,35.12461159,24.92211838,10.20249321,1960032,293.9706736,44.47767526,13977449.84,0
43:30.5,28.40557176,23.52941176,4.87616,1959924,1930.41899,130.0078425,6672003.505,0
43:35.5,12.07430341,7.507740929,4.566564458,1960324,2121.346378,286.2510623,6317417.409,0
43:40.5,24.07120842,21.90402378,2.167182663,1960644,1674.552403,101.0341389,1526636.269,0
43:45.6,23.37962864,19.21296395,4.166666667,1960552,347.1137462,8.016460247,5060897.713,0
43:50.7,23.99380805,17.72445721,6.269348854,1961292,93.00342489,10.03723492,7472019.249,0
43:55.7,12.77258567,8.80062405,3.971963614,1961104,35.39273171,3.847975078,5012699.134,0
44:00.7,13.58695752,9.937888199,3.649067329,1960920,477.7381366,59.72803379,4551746.55,0
44:05.8,52.70897734,48.99380706,3.715170279,1960104,933.2620027,25.11983356,3364407.359,0
44:10.8,7.996895404,5.046584845,2.950310559,1959908,1071.57532,33.73913043,2677115.58,0
44:15.8,4.375,3.125,1.25,1959784,1448.26,308.12,969451.7444,0
44:20.8,6.542056075,3.193145421,3.348910654,1960036,1613.741059,112.5369899,2429169.105,0
44:25.8,16.45962733,14.05279602,2.406831304,1959580,1727.736978,29.95478261,1133404.993,0
44:30.9,18.16770186,14.13043478,4.037267081,1960028,474.7759821,31.74360248,7904282.506,0
44:35.9,16.19937695,9.890964735,6.308412212,1959644,29.77827688,4.103841495,10375605.64,0
44:40.9,11.64596273,5.978261863,5.66770087,1960048,292.0069565,11.02575503,4514993.492,0
44:45.9,25.23364486,15.34267813,9.890966729,1959764,89.17133956,7.930551028,15698991.89,0
44:50.9,41.25,30.3125,10.9375,1959648,21.022666,7.116666,14230373.06,0
44:55.9,32.63239776,24.45482866,8.177569097,1960228,121.7787753,4.194890966,13177938.08,0
45:01.0,20.24922118,13.70716511,6.542056075,1960100,198.9150564,36.06263826,11247644.05,0
45:06.0,12.61682243,8.099688474,4.517133956,1960168,890.7710086,249.0304459,7430024.051,0
45:11.0,7.554518131,5.295950156,2.258567975,1964292,2058.713851,206.6056912,3494380.082,0
45:16.0,7.165109034,3.738317757,3.426791277,1964032,1953.641538,31.4144957,2995045.44,0
45:21.0,11.171874,8.125,3.046874,1964364,1914.914,28.880668,2301787.286,0
45:26.0,23.99068422,20.0310559,3.959628323,1964628,1702.16414,226.522236,2112010.275,0
45:31.1,42.21183801,38.78504673,3.738317757,1964220,834.3539778,151.8654206,3341373.098,0
45:36.1,86.06811146,81.88854489,3.86996904,1964120,59.28421053,6.094860681,2822822.435,0
45:41.1,5.607476636,3.348910654,2.258565981,1964120,54.0471028,1.24544,2929696.072,0
45:46.2,11.87888099,7.298136646,4.580746335,1965176,158.4357764,34.39436919,5753627.682,0
45:51.2,9.267913769,5.607476636,3.66043514,1964128,355.9117757,4.602283863,4237999.64,0
45:56.2,23.13084012,19.31464174,3.816200374,1964372,496.5356581,2.529429533,3845793.352,0
46:01.2,33.41121595,26.1682243,7.242989657,1964908,106.5045074,56.48016548,8668177.604,0
46:06.2,11.21495327,6.308410218,4.906543053,1965240,65.33383178,76.5388162,4583402.552,0
46:11.2,4.750777819,2.881620935,1.869158879,1965316,294.2311935,43.2561585,2764718.637,0
46:16.3,27.5621128,17.85714286,9.70496795,1964936,17.34757764,10.04521739,14495135.18,0
46:21.3,24.999999,15.80996785,9.190031153,1963912,58.49919003,16.50110006,15910586.25,0
46:26.3,39.64174555,34.11214953,5.529596012,1963868,83.89715539,7.288557259,8008822.352,0
46:31.3,28.90625,24.53125,4.375,1964892,10.328666,8.628,7634667.936,0
46:36.3,14.71962517,9.813084112,4.906541059,1964516,7.691962617,3.68847352,6997690.008,0
46:41.3,7.453416149,6.055900621,1.397515528,1964464,94.0296487,43.99966807,2554566.025,0
46:46.4,60.75851492,57.89473684,2.86377808,1964352,979.2264183,146.0798355,1399958.335,0
46:51.5,32.07692209,28.69230868,3.384615385,1964624,1518.337313,231.4272827,1872081.175,0
46:56.5,16.38198857,10.40372671,5.978259876,1965028,1087.587246,143.5938703,7554857.043,0
47:01.5,10.625,5.859374,4.765626,1964208,827.579334,156.821334,6214492.715,0
47:06.5,22.74143302,18.38006231,4.361370717,1964320,485.967352,24.15717483,4755283.533,0
47:11.6,9.907120743,5.572755418,4.334365325,1965464,492.8581211,64.59112619,3764830.138,0
47:16.6,10.48136547,5.667702857,4.813664596,1963824,959.2308075,122.2207861,3729518.849,0
47:21.6,28.58255551,18.61370617,9.968847352,1963448,328.216324,32.41005259,20541246.55,0
47:26.6,16.07142758,9.627329193,6.444098385,1963364,394.0379309,73.63047553,9776179.998,0
47:31.7,26.31987677,16.61490683,9.704969938,1963252,110.2019041,9.128282236,19098909.03,0
47:36.7,12.88580148,8.179012346,4.706789136,1963252,31.3988484,4.626830617,8358478.757,0
47:41.7,10.66978293,6.697819315,3.971963614,1963704,809.0404147,127.697611,5366479.518,0
47:46.8,8.049535604,4.489164087,3.560371517,1963668,1973.302951,218.2439628,2717548.029,0
47:51.8,7.298136646,5.201864348,2.096272298,1963532,1834.597102,193.750394,1359740.036,0
47:56.9,42.10526316,39.31888545,2.786377709,1963684,1097.929576,178.2938293,1237759.373,0
48:01.9,91.19937595,87.61682143,3.582554517,1963612,74.34367601,4.715264798,3624115.349,0
48:06.9,27.55417957,25.3869969,2.167182663,1962708,201.5451819,7.680659814,1379791.212,0
48:11.9,12.46105919,7.943925234,4.517133956,1963596,230.330882,7.593603988,6106533.794,0
48:17.0,10.4489174,6.191950464,4.256966935,1965404,33.97349845,2.666335108,6054511.983,0
48:22.0,10.51401769,6.230529595,4.2834881,1964112,797.8321087,73.19327103,4898565.891,0
48:27.0,5.978261863,3.105590062,2.872671801,1963772,1167.420951,184.1159434,1834165.015,0
48:32.1,5.80495257,3.482973127,2.321981424,1963716,1370.650817,103.2255921,2153713.66,0
48:37.1,3.649069317,1.708074534,1.940992795,1963392,842.4864596,222.7663781,848377.4583,0
48:42.1,16.84782509,10.0931677,6.754659379,1964180,594.1571836,184.5108075,9145377.305,0
48:47.2,3.649069317,2.01863354,1.630433789,1963624,19.21457491,12.3792954,748107.2309,0
48:52.2,42.12962963,36.95987556,5.169754074,1963428,831.7958854,56.69070025,7804517.129,0
48:57.3,6.444098385,4.270187329,2.173913043,1963344,1202.231388,186.9018634,2398163.14,0
49:02.3,2.717392298,1.552795031,1.16459528,1963376,1833.981615,74.87072398,702887.3403,0
49:07.3,34.89096573,26.32398754,8.566978193,1962352,451.4964057,63.14134928,12352713.68,0
49:12.3,11.87888099,8.229813665,3.649069317,1962212,227.8366887,11.68695652,4708018.275,0
49:17.4,8.10185284,5.169752099,2.932098765,1962704,1064.127078,88.07901235,3533220.74,0
49:22.4,14.7515528,8.773292919,5.978259876,1964152,112.5247205,13.63412075,7863868.344,0
49:27.5,16.38198658,10.63664497,5.745341615,1962832,525.2485307,5.911717764,7780095.575,0
49:32.5,5.667702857,3.881987578,1.78571528,1962620,1882.058467,101.5301048,1978664.785,0
49:37.5,10.48136547,7.065218385,3.416149068,1962644,2040.304763,97.71792894,2886749.679,0
49:42.6,20.1863354,17.08074534,3.105590062,1962608,363.6240159,16.39884124,2708687.224,0
49:47.6,12.34472149,8.773290932,3.571428571,1962512,1654.7306,105.5807861,2365324.614,0
49:52.6,51.5576324,46.80685458,4.750777819,1961856,2126.022181,105.6930432,4270416.164,0
49:57.7,8.41049284,5.015431111,3.395061728,1961856,2106.099753,72.33053432,3037286.379,0
50:02.7,4.127726854,2.024922118,2.102804735,1961684,2008.969969,22.31626168,1219954.447,0
50:07.7,6.619936698,3.738317757,2.881618941,1962908,1156.159669,19.78749807,2146643.916,0
50:12.7,5.745341615,3.881987578,1.863354037,1962864,1312.934823,20.05333267,1588225.402,0
50:17.8,7.919254658,4.658385093,3.260869565,1962828,2406.896233,58.46062112, ,0
50:22.8,7.087228411,3.660437134,3.426791277,1962848,2244.324486,145.4395016,1911156.305,0
50:27.8,9.735201495,6.386292835,3.348910654,1963904,1001.215202,106.9245269,4359909.566,0
50:32.8,52.7173923,47.20496894,5.512421366,1963036,806.2191304,144.0669158,5506749.99,0
50:37.9,31.46417445,27.25856698,4.205607477,1962584,329.0829478,184.5040907,4912307.817,0
50:42.9,6.211180124,4.037267081,2.173913043,1962432,333.0226087,23.28911106,2949558.256,0
50:47.9,10.90342679,6.619936698,4.283490093,1962312,40.78255452,7.394890966,6885248.814,0
50:52.9,10.40372671,6.754659379,3.649067329,1962284,50.76670807,7.525630807,6487384.738,0
50:57.9,16.74454729,8.956385296,7.788161994,1962628,245.9387753,6.183343053,9028018.427,0
51:03.0,21.89440994,13.66459627,8.229813665,1961752,565.8156522,105.2475369,10532869.99,0
51:08.0,53.40557276,44.42724458,8.978328173,1963436,662.5783282,54.2355418,11988093.82,0
51:13.1,31.19195146,23.06501548,8.126935975,1961908,8.040619195,4.167594799,16448160.97,0
51:18.1,45.66563467,39.39628582,6.269348854,1961784,100.1306095,32.46497486,8528279.012,0
51:23.2,7.275541796,4.79876161,2.476780186,1962356,130.0857778,22.64833783,3279164.268,0
51:28.2,59.08384994,54.27018534,4.813664596,1962324,245.9368944,139.0708075,5307422.947,0
51:33.2,16.61490683,10.63664696,5.978261863,1962876,33.79875776,15.07975155,8958917.2,0
51:38.2,37.61682343,33.17757009,4.43925134,1962524,64.34758181,23.25001171,7538064.265,0
51:43.3,9.133126935,5.572755418,3.560371517,1962480,362.962558,48.83748062,4308836.367,0
51:48.3,9.190031153,6.152646978,3.037384174,1962876,585.1514019,202.2938318,4056357.379,0
51:53.3,8.928570435,5.590062112,3.338508323,1962756,1400.111304,388.9868323,3443444.416,0
51:59.2,3.743315508,1.80481369,1.938503529,1962708,1708.259823,97.9160077,704978.0825,0
52:04.2,4.347826087,2.717390311,1.630433789,1962316,2881.182609,268.7542857,1068850.346,0
52:09.3,5.650155789,3.560371517,2.089784272,1961912,2312.583529,94.47034056,382131.5707,0
52:14.3,32.79320889,30.78703802,2.00617284,1964444,1092.461562,97.9654321,1339735.189,0
52:19.4,5.828220859,3.604293497,2.223925399,1963476,1308.728018,244.5146837,2200456.893,0
52:24.5,3.173375604,1.780186749,1.393188854,1963444,1964.685077,131.7521555,1708184.322,0
52:29.5,27.08333235,21.2962963,5.787038025,1964144,740.405596,88.02238815,7890205.661,0
52:34.6,9.984521115,6.424147616,3.560371517,1963812,460.0622504,16.41279604,3159545.02,0
52:39.6,2.950310559,1.863354037,1.086956522,1964232,9.629149814,0.866583851,1239436.332,0
52:44.6,20.0310559,13.50931677,6.52173913,1963948,83.77971081,52.66086957,12426539.85,0
52:49.7,18.03405474,11.91950464,6.114550093,1963784,202.1257372,5.292383901,9636969.955,0
52:54.7,15.49844336,10.59190031,4.906543053,1963688,618.7636974,23.64610592,6835925.021,0
52:59.7,34.39440894,25.1552795,9.239129441,1963628,331.6452174,6.835941366,11056340.6,0
53:04.7,24.37694804,14.09657421,10.28037383,1962588,61.90122467,8.631693956,16328778.51,0
53:09.8,21.27329193,16.45962733,4.813664596,1962572,407.0545769,24.56248447,5173198.388,0
53:14.9,25.30674847,23.0828211,2.223927362,1962980,2121.072556,151.8507975,3919153.339,0
53:19.9,9.287925697,5.495357028,3.792568669,1963276,2129.128752,255.8718672,5266076.097,0
53:25.0,6.733745139,4.643962848,2.089784272,1963072,1287.032074,274.4047891,1397134.205,0
53:30.0,6.542056075,4.2834881,2.258565981,1963028,914.3566355,40.4376324,1439011.416,0
53:35.0,20.3271038,13.70716511,6.619938692,1929000,1278.07734,179.8287013,774575.3367,0
53:40.0,17.10526217,9.674923591,7.430340557,1936428,1420.900393,82.00586105,1143385.858,0
53:45.1,4.643962848,2.863776099,1.780184768,1935836,1658.162724,92.50080495,693022.9957,0
53:50.1,10.18518519,7.407407407,2.777777778,1934976,2125.565102,82.70683259,1070344.214,0
53:55.2,18.07692406,8.076924062,10,1773604,1772.416,83.32734228,3097537.899,0
54:00.3,50.23291826,36.49068323,13.74223702,1879424,1421.49499,525.0756114,1541853.362,0
54:05.3,95.00000098,73.61538363,21.38461538,1798852,1235.064779,1172.31196,1947522.423,0
54:10.4,12.61538462,7.692307692,4.923076923,1861612,1694.329437,1159.097108,1134082.721,0
54:15.5,22.15384615,12.38461637,9.769229785,1883628,874.0791788,1748.593558,3447563.514,0
54:20.6,28.83435583,18.32821988,10.50613595,1906096,462.671576,426.6993865,1657476.389,0
54:25.6,30.34055728,17.49226006,12.84829721,1874276,728.7823316,377.0352941,2964626.89,0
54:30.9,51.24633337,25.29325607,25.95307918,1902720,1504.329698,164.8628739,1651697.907,0
54:36.0,11.68730749,1.857585139,9.829720372,1914948,2644.34196,145.6135411,1562105.744,0
54:41.0,45.26397416,28.02794932,17.23602484,1937780,705.9299379,125.3691091,2068044.876,0
54:46.1,16.76923077,5.230769231,11.53846154,1958684,270.1357942,81.9547904,3488940.348,0
54:51.2,22.2993837,3.935186173,18.36419753,1958616,1157.578272,62.45069827,1633082.158,0
54:56.2,17.1583841,10.32608596,6.832298137,1957868,502.2019061,66.19362385,8853113.76,0
55:01.3,28.40557375,17.3374613,11.06811245,1955876,363.8205147,45.00210526,18043639.65,45.97087419
55:06.3,15.76086857,9.472049689,6.288818882,1955736,386.1300214,34.48645963,7319682.68,0
55:11.3,14.8753904,10.12461059,4.750779813,1956756,518.0185261,7.027373458,6359079.711,0
55:16.3,15.94427245,10.0619195,5.882352941,1956284,50.63066947,11.59133127,9317508.732,0
55:21.4,20.72981267,13.19875776,7.531054907,1956236,33.85838509,2.849522484,13826264.69,0
55:26.4,8.95638729,6.308412212,2.647975078,1956260,7.035348536,2.692918629,4222374.956,0
55:31.5,13.88888889,9.799381728,4.08950716,1959196,1090.218272,39.34419753,4993614.452,0
55:36.5,23.76160892,20.97523319,2.786377709,1959064,2825.346378,323.251517,2881860.782,0
55:41.5,9.549690435,5.512421366,4.037267081,1958552,1051.353705,130.7349068,3279671.438,0
55:46.6,25.54347727,23.60248447,1.940992795,1958600,2326.782279,42.50434783,1272810.276,0
55:51.6,16.4860691,11.37770997,5.108359133,1958964,2054.211765,70.26130031,1357496.24,0
55:56.6,10.703124,7.03125,3.671876,1959320,1240.545332,65.296666,4886867.101,0
56:01.6,21.02803738,16.27725757,4.750777819,1958892,1758.564486,48.93441396,7189375.859,0
56:06.6,39.01869259,36.13707165,2.881620935,1958824,496.8493458,30.89678156,3177370.26,0
56:11.7,4.984423676,2.959501558,2.024922118,1958800,1242.648059,207.1014739,916423.43,0
56:16.7,6.875,4.453126,2.421874,1958824,1526.451334,216.194,1575849.557,0
56:21.7,3.828124,2.5,1.328126,1958868,1127.457332,34.884,500233.2183,0
56:26.7,4.375,3.28125,1.09375,1958740,1235.174,127.614666,255500.222,0
56:31.7,3.28125,1.875,1.40625,1958384,1363.735334,203.018668,228482.2244,0
56:36.7,1.246105919,0.62305296,0.62305296,1958884,1585.287311,66.83713396,65658.7911,0
56:41.7,4.53125,2.03125,2.5,1958800,1167.438666,143.187332,1198409.004,0
56:46.7,5.529596012,3.34890866,2.180685358,1958704,936.9580062,105.453127,2426870.308,0
56:51.7,11.29283389,6.619938692,4.672897196,1958536,591.3766141,94.14180685,6409696.704,0
56:56.7,9.813084112,5.685357259,4.12772486,1958560,901.6436974,26.76303153,4915617.5,0
57:01.7,6.542056075,3.660437134,2.881620935,1958968,1165.620769,153.972171,3076549.843,0
57:06.8,10.66978293,6.464173458,4.205607477,1957552,1475.505047,102.4717757,2768831.816,0
57:11.8,9.53125,5.78125,3.75,1952560,1272.138,72.317332,2208090.789,0
57:16.8,15.234374,13.359376,1.875,1952536,989.720666,83.104,398065.9302,0
57:21.8,38.62928349,35.1246096,3.5046719,1952316,595.2265829,152.5353271,2054928.702,0
57:26.8,36.13707165,27.41433022,8.722741433,1952328,228.8142893,11.89948212,12226367.73,0
57:31.8,23.99068422,17.08074534,6.909938882,1952272,245.8931677,21.63743205,14236705.21,0
57:36.8,12.5,8.28125,4.21875,1952288,171.566,15.701334,5474500.473,0
57:41.8,14.40809869,8.48909757,5.919003115,1952648,255.8910066,7.717215701,6695451.647,0
57:46.8,13.046876,8.828124,4.21875,1952536,1259.795334,38.988,4177266.706,0
57:51.8,49.76635414,42.6012471,7.165109034,1952548,186.8547449,37.57325159,9935392.768,0
57:56.9,49.37888199,44.25465839,5.124223602,1958952,48.10203031,56.49755627,8053168.833,0
58:01.9,36.171876,31.796874,4.375,1958540,199.434666,9.944666,4673998.664,0
58:06.9,9.609374,5.703126,3.90625,1957476,179.714666,4.686,4368661.07,0
58:11.9,8.28125,5.078124,3.203124,1957460,997.611334,120.334668,3534222.253,0
58:16.9,9.034267913,5.841122492,3.193147414,1957484,1566.467455,70.08564835,3224454.61,0
58:21.9,22.35202592,19.62616822,2.725855701,1957384,836.9997099,247.3762831,1320285.371,0
58:26.9,7.109374,4.6875,2.421876,1957376,1324.690666,299.33,1265365.905,0
58:31.9,9.190031153,7.788161994,1.401869159,1957224,3128.187083,465.210882,1177683.916,0
58:36.9,7.03125,3.359374,3.671874,1957148,2602.893332,220.932666,1422165.992,0
58:42.0,12.77089882,7.585139319,5.185759505,1957100,898.3578947,103.2163467,5780639.916,0
58:47.0,9.890964735,5.607476636,4.2834881,1958288,1440.338941,235.6874766,5673221.212,0
58:52.0,3.359376,1.875,1.484376,1958168,2557.152668,176.224668,808148.394,0
58:57.1,5.384615385,4,1.384615385,1958032,1729.046317,239.0967788,863681.1333,0
59:02.1,51.71339564,47.97507788,3.738317757,1958768,270.123199,34.13399726,4846019.316,0
59:07.1,14.25233545,8.722741433,5.529594019,1959216,770.6643399,58.78429907,9754646.215,0
59:12.1,9.267913769,5.685359252,3.582554517,1958096,96.17013433,32.98890966,4640840.009,0
59:17.1,26.78571329,21.27329193,5.512423354,1957960,373.1325893,75.48886261,5728118.76,0
59:22.2,21.18380062,13.86292835,7.320872274,1957872,170.9677259,7.557050218,10879320.2,0
59:27.2,44.31464274,36.21495227,8.099688474,1957772,71.69595016,14.63293807,11174469.97,0
59:32.2,10.01552696,6.677018634,3.338508323,1957072,485.0279076,39.51503106,5097765.469,0
59:37.2,14.21875,8.90625,5.3125,1957456,145.148,11.397334,7572945.182,0
59:42.2,33.15217491,30.35714385,2.795031056,1957496,268.9305183,12.42169839,2896453.382,0
59:47.2,22.8125,18.984374,3.828126,1957460,428.636,10.524666,5369960.341,0
59:52.3,31.98757764,25.1552795,6.832298137,1957644,966.0601242,136.865922,9697670.413,0
59:57.3,40.49844237,33.87850567,6.619936698,1957516,1051.656906,288.5011001,6497794.214,0
00:02.3,17.36760025,11.13707065,6.230529595,1956724,239.0768847,75.54259539,11663444.21,0
00:07.3,11.171876,6.875,4.296876,1957732,119.782,36.575334,5145612.725,0
00:12.3,16.35514019,9.890966729,6.464173458,1959188,659.2046515,25.60066393,10016417.7,0
00:17.3,19.72049689,11.33540373,8.385093168,1958036,180.974245,39.42691578,12207717.31,0
00:22.4,55.97825988,52.01863354,3.959628323,1957988,968.0954037,180.8417391,4848862.259,0
00:27.4,13.86292835,8.177569097,5.685357259,1957964,363.5572157,50.92220212,6733347.821,0
00:32.4,40.3125,34.296876,6.015626,1957664,392.434,39.396666,8813091.873,0
00:37.4,6.909938882,4.270185342,2.639751553,1957704,1106.273789,221.9183443,2769138.009,0
00:42.5,4.037267081,2.562112795,1.475154286,1957704,1349.231304,96.37763975,1449976.007,0
00:47.5,33.671874,29.609374,4.0625,1957660,1734.276668,109.541332,3191287.9,0
00:52.5,3.426791277,1.947041495,1.479751776,1957604,1027.996842,74.59356312,1086563.277,0
00:57.5,5.9375,3.359374,2.578124,1958032,1258.179334,68.013332,1634584.662,0
01:02.5,10.0931677,6.52173913,3.571428571,1957860,1603.398096,62.70940025,3333190.274,0
01:07.5,7.242991651,4.283490093,2.959501558,1957976,1139.889178,88.02359227,1423792.766,0
01:12.6,4.024767802,2.631578947,1.393188854,1958148,1358.851436,146.9364706,808810.6552,0
01:17.6,5.919003115,3.5046719,2.414331215,1959020,2574.905421,77.78359427,1300843.004,0
01:22.6,4.921874,2.421876,2.5,1958052,3183.532666,163.114,860711.3633,0
01:27.6,5.919003115,3.115264798,2.803738318,1958008,2636.343427,81.31455801,1848991.341,0
01:32.6,5.841122492,3.5046719,2.336448598,1957960,1605.2589,161.0879342,1168446.055,0
01:37.6,4.361370717,2.570094455,1.791276262,1957984,2568.501433,269.8394178,1398169.238,0
01:42.6,2.180685358,0.778816199,1.401869159,1958064,2390.702387,244.6733956,86960.10682,0
01:47.7,3.115264798,1.713395639,1.401869159,1958004,3130.173542,239.9155978,543776.58,0
01:52.7,4.828660436,3.5046719,1.323988536,1957592,2414.507331,59.8443185,1719222.218,0
01:57.7,9.267911776,5.451713396,3.81619838,1957632,1813.414414,28.82924262,3350903.826,0
02:02.7,10.3125,6.71875,3.59375,1957760,1457.368,100.992,5622398.884,0
02:07.7,7.96875,4.140626,3.828126,1957712,1703.547334,30.058,3097266.833,0
02:12.7,2.959501558,1.791276262,1.168223302,1957260,2815.007767,34.13466318,240443.9146,0
02:17.7,7.298136646,4.736025839,2.562112795,1957316,2045.689109,94.34037267,536469.1069,0
02:22.7,4.453126,3.4375,1.015624,1957676,1402.238668,60.624,56819.28826,0
02:27.7,3.984374,2.421874,1.5625,1957556,2163.9,105.585332,494486.2366,0
02:32.8,3.738317757,2.570094455,1.168225296,1957400,2054.772169,90.07983452,82248.78966,0
02:37.8,3.4375,2.34375,1.09375,1957432,2102.354,110.177334,218136.3379,0
02:42.8,35,33.75,1.25,1957404,1450.531334,68.289332,223856.9751,0
02:47.8,12.14953271,7.866042617,4.2834881,1957388,504.9792738,27.18371888,5521021.697,0
02:52.8,33.203126,28.203126,5.3125,1957236,388.438,5.046666,9214342.387,0
02:57.8,24.45652075,14.20807354,9.937888199,1957156,91.30534161,5.769937888,13990950.71,0
03:02.8,13.125,7.890626,5.234376,1955596,587.808666,8.360666,6254317.018,0
03:07.8,11.29283589,6.775699938,4.517133956,1957024,1023.08486,81.54650118,4404106.561,0
03:12.8,8.28125,4.6875,3.59375,1956640,1216.583334,106.733334,2552671.963,0
03:17.8,5.546874,3.046876,2.5,1956624,2779.072,407.606666,2355841.67,0
03:22.7,3.348910654,1.635513022,1.713395639,1957800,2336.626708,280.2043614,1357952.321,0
03:27.7,5.407522508,3.134796238,2.586205893,1959004,2262.423407,80.6333131,930930.8967,0
03:32.7,2.570094455,0.700935576,1.557632399,1958092,2658.028327,131.2013279,375042.8669,0
03:37.7,4.595014579,2.258565981,2.336448598,1958060,2741.935452,37.55331389,1207405.913,0
03:42.7,2.34375,1.09375,1.25,1957820,2410.496,40.838666,75417.34066,0
03:47.7,6.953126,4.6875,2.578126,1957808,1299.291049,91.24352997,1763081.973,0
03:52.7,12.81055801,7.453416149,5.046582857,1957816,1238.95028,100.7963454,7633726.1,0
03:57.7,10.15625,5.703126,4.453126,1957760,2425.87,224.386666,4639044.608,0
04:02.7,10.46875,6.953124,3.515624,1956972,1065.52,97.041334,4393053.122,0
04:07.7,3.828126,2.1875,1.640626,1957000,2147.261332,132.394,593543.9638,0
04:12.7,5.685357259,3.193147414,2.492211838,1957256,3591.026044,82.56199377,1137633.053,0
04:17.7,3.816200374,2.336448598,1.479749782,1957320,3406.822348,55.28789134,1106940.926,0
04:22.7,5.062304299,2.803738318,2.258567975,1957252,2805.343302,41.86650118,832001.2555,0
04:27.7,9.609376,6.71875,2.890624,1957732,1535.007332,55.972,2889331.072,0
04:32.7,4.375,2.34375,2.03125,1958776,3039.292,31.191334,804608.3692,0
04:37.6,5.373830779,2.647975078,2.725857695,1957680,2791.882701,58.53109034,848753.2746,0
04:42.6,3.203126,1.953124,1.25,1957676,2368.594,34.570666,642493.7742,0
04:47.6,8.722741433,6.074766355,2.647975078,1957656,1575.790321,20.17628312,697291.8249,0
04:52.6,5.234374,3.203126,2.03125,1957564,2064,38.629332,590142.8796,0
04:57.6,4.984423676,3.271028037,1.713395639,1957524,3739.097321,24.54064449,280080.5063,0
05:02.6,4.21875,2.578124,1.640624,1957424,2773.794668,30.213334,205181.9658,0
05:07.6,5.703126,3.90625,1.796876,1957380,2082.593332,7.825332,40980.29701,0
05:12.6,8.021805857,6.230529595,1.791276262,1956392,2960.679875,34.71750779,216777.3886,0
05:17.6,4.439253333,2.570094455,1.869158879,1957412,3153.908703,1.715307664,146072.638,0
05:22.6,5.685357259,4.2834881,1.401869159,1956792,2607.35867,33.7678076,361593.6885,0
05:27.6,9.579440249,8.02180785,1.557632399,1956824,1542.562825,22.64789333,30933.81164,0
05:32.6,4.750777819,3.34890866,1.401869159,1956948,3621.012336,17.17831776,22351.04035,0
05:37.6,5.09404489,2.272728276,2.821316614,1957152,3478.587251,1.210448652,425206.6807,0
05:42.6,9.190031153,7.476635514,1.713395639,1956940,1711.108785,3.644610592,444302.0618,0
05:47.6,4.140624,2.34375,1.796876,1956880,2997.15,12.068,112974.2175,0
05:52.5,3.671876,2.734374,1.25,1956884,3283.057008,31.14045846,28633.09502,0
05:57.5,7.632398754,6.074766355,1.246105919,1956848,1626.489718,13.23288157,33345.25164,0
06:02.5,21.96261682,18.14641844,3.81619838,1956052,587.4043614,8.605109034,1560135.106,0
06:07.5,8.021805857,5.140186916,2.881620935,1955964,1624.775909,55.33374804,1033557.766,0
06:12.5,19.00311526,13.08411215,5.919003115,1955916,1388.71028,84.20087227,6270191.653,0
06:17.6,57.06521839,50.46583851,6.599377888,1955804,118.8770186,12.83312696,9753032.364,0
06:22.6,59.9378882,53.49378783,6.444100373,1956076,315.6220283,34.0955687,11448861.88,0
06:27.6,10,6.640626,3.359374,1956044,265.512668,97.127334,4952494.488,0
06:32.6,9.083849938,5.822980373,3.260869565,1956028,202.1220691,42.55271155,4860068.798,0
06:37.6,17.5,11.171876,6.328126,1955868,315.605334,45.874,9043023.177,0
06:42.6,13.55140187,8.800622056,4.750777819,1956440,64.0631367,8.649637882,6701612.69,0
06:47.6,43.1114561,37.30650155,5.804954551,1955844,551.958719,74.36482972,6094020.146,0
06:52.6,30.3125,28.203126,2.109374,1955688,1393.512668,294.054,1680728.858,0
06:57.6,5.140186916,3.193145421,2.258567975,1955600,2989.838839,453.6950718,1706459.778,0
07:02.6,5.841120498,3.115264798,2.414329221,1955488,2030.358668,313.53,1635624.406,0
07:07.6,4.813664596,2.950310559,1.863354037,1955224,1779.175485,64.62144994,1100796.296,0
07:12.6,6.931465171,3.426791277,3.504673894,1951308,2089.847227,75.91941782,955080.1422,0
07:17.6,8.540372671,5.357143851,3.18322882,1870948,1122.411596,72.34650037,1708778.853,0
07:22.6,15.625,8.90625,6.71875,1834452,1540.404,91.691334,2784258.091,0
07:27.6,10.90342679,5.607476636,5.295950156,1812928,2168.159833,155.1278913,875329.1702,0
07:32.6,5.763239875,3.34890866,2.414331215,1776388,1274.755722,174.7751616,1425665.107,0
07:37.6,51.01246006,43.84735302,7.165109034,1791940,214.6777979,23.52448598,4616213.608,0
07:42.6,29.921876,17.890624,12.03125,1868432,141.786668,41.362,16155496.16,0
07:47.6,20.01557533,11.52647975,8.489095576,1869020,200.8589817,15.97474492,15545118.93,0
07:52.6,5.763239875,3.971963614,1.791278255,1868848,906.0778407,30.45283489,2544783.245,0
07:57.6,7.8125,4.53125,3.28125,1868848,1595.595332,184.214668,2608429.327,0
08:02.6,6.599379876,3.649067329,2.950310559,1868156,1899.630642,31.07511255,2704572.398,0
08:07.6,22.58566978,19.23676112,3.34890866,1868180,297.0331055,11.71671925, ,0
08:12.6,12.07165009,7.710279377,4.361370717,1868168,835.8479751,85.17117408,6545233.921,0
08:17.7,25.625,16.015626,9.609376,1868144,438.850666,53.605332,16219365.1,0
08:22.7,31.75465938,25.62111801,6.133539379,1868084,41.8192954,4.523726708,9857474.918,0
08:27.7,10,6.5625,3.4375,1869896,766.612,157.006668,4938231.33,0
08:32.7,6.074766355,2.959501558,3.115264798,1868336,2197.701517,162.3745794,1701690.631,0
08:37.7,6.697819315,3.81619838,2.881620935,1868364,2106.946458,243.0777141,3213367.28,0
08:42.7,8.359374,4.765626,3.59375,1868832,1088.615334,128.462668,2566626.87,0
08:47.7,4.84375,2.8125,2.03125,1868584,1160.728,15.212666,830443.5588,0
08:52.7,4.828660436,2.959501558,1.869158879,1869252,2175.622514,52.1928972,669451.9098,0
08:57.7,5.3125,3.4375,1.875,1869004,2368.086666,82.752666,662828.5053,0
09:02.7,3.726708075,2.096272298,1.630433789,1868036,2748.888779,83.06815801,264694.2096,0
09:07.7,2.492211838,1.246105919,1.246105919,1868032,3923.794143,93.94242991,3716.336645,0
09:12.7,2.265626,1.09375,1.171876,1867968,2936.851332,16.636666,4200.832948,0
09:17.7,2.258565981,1.090342679,1.168223302,1868036,1797.557965,88.88423676,3761.121415,0
09:22.8,5.201864348,3.726708075,1.475156273,1867880,2176.429317,1.361490683,4489.993693,0
09:27.8,2.65625,1.25,1.40625,1867924,3303.364,1.111334,3804.513242,0
09:32.8,3.726708075,1.31987677,2.406831304,1868848,3819.278177,1.038177391,3957.811264,0
09:37.8,3.203124,1.5625,1.640626,1868196,2400.406,1.01,3936.840403,0
09:42.8,4.361370717,2.492211838,1.869158879,1867872,2426.543053,1.420893707,4030.306226,0
09:47.8,2.265626,1.171874,1.09375,1868932,2429.678,0.918666,3745.941409,0
09:52.8,3.260869565,1.242236025,2.01863354,1868848,3769.684804,0.934161491,3727.490742,0
09:57.8,2.34375,1.015626,1.328124,1869384,2471.886666,1.042668,3905.111707,0
10:02.8,5.745341615,3.959626335,1.78571528,1869168,2178.575239,1.350888944,20099.77523,0
10:07.8,4.672897196,3.582554517,1.090342679,1869156,2531.112938,15.52481894,4100.49035,0
10:12.9,3.34890866,2.024922118,1.323986542,1869144,1937.90538,155.0089311,3726.336968,0
10:17.9,3.183230807,1.940994783,1.242236025,1869168,2453.514866,121.859047,3852.923735,0
10:22.9,7.578124,5.390624,2.1875,1868988,1943.316,19.066,4812.922057,0
10:27.9,1.479751776,0.62305296,0.856698816,1868980,2674.155265,80.99090343,3651.77066,0
10:32.9,3.59375,1.484376,2.109374,1869272,2741.065332,39.572,6216.493164,0
10:37.9,3.515624,2.265624,1.25,1870256,2469.938,12.620666,4218.585745,0
10:42.9,6.796876,4.453126,2.34375,1869212,1705.853334,1.547334,4842.963492,0
10:47.9,2.102802741,1.168223302,0.934579439,1869148,2240.924445,47.6238415,3741.871524,0
10:52.9,4.6875,2.578126,2.109376,1868740,2607.734,1.267334,3724.070355,0
10:57.9,4.921876,3.671874,1.25,1868500,1879.393332,0.807334,5216.697028,0
11:02.9,7.788161994,5.529596012,2.258565981,1869044,1717.199751,1.24411215,3985.678864,0
11:07.9,3.671874,2.265624,1.40625,1868796,2233.539334,1.389332,3712.272024,0
11:12.9,4.53125,2.8125,1.71875,1868472,1879.093334,1.376,3793.481631,0
11:17.9,59.0625,57.578126,1.484376,1868336,1173.071332,0.946668,19003.1955,0
11:22.9,27.09627429,26.31987478,0.776397516,1868192,0.34650236,0.993124969,25495.79941,0
11:27.9,0.389407103,0.077882617,0.31152648,1868240,0,0.756304548,3795.524509,0
11:32.9,0.700935576,0.233643863,0.46728972,1868196,0,1.104548287,4289.278389,0
11:37.9,0.15625,0,0.15625,1868172,0,0.666666,4053.334221,0
11:42.9,1.25,0.546876,0.703124,1869688,0,0.908666,3905.283463,0
11:47.9,0.3125,0.078124,0.234376,1869112,0,0.726668,3944.0448,0
11:52.9,0.78125,0.46875,0.3125,1869092,0,0.806666,3740.469626,0
11:57.9,0.390624,0.078126,0.3125,1869328,0,0.700666,3836.241851,0
12:03.6,0.883153043,0.135869565,0.747281739,1868596,0,0.796521739,3472.686662,0
12:08.7,0.232197152,0,0.232199133,1869352,0,0.68755418,3711.478403,0
12:13.8,0.615384615,0.076922092,0.538460554,1869180,0,1.000369231,3854.299069,0
12:18.8,0.388199752,0,0.388199752,1869028,0,0.736729441,3807.137297,0
12:23.8,1.090342679,0.700935576,0.389407103,1869196,0,0.99622081,3617.079315,0
12:28.8,0.15576324,0,0.15576324,1869220,0,0.69648947,3868.06009,0
12:33.8,1.401869159,0.389407103,1.012462056,1869108,0,0.919791651,4034.06017,0
12:38.8,0.389407103,0.077882617,0.31152648,1869176,0,0.771588785,4314.423142,0
12:43.8,0.856698816,0.233643863,0.62305296,1869148,0,0.853333333,3821.164996,0
12:48.8,0.389407103,0.077882617,0.31152648,1872624,0,3.35152648,3917.326747,0
12:53.8,0.78125,0.3125,0.46875,1871804,0,0.719334,3675.168538,0
12:58.8,0.234376,0,0.234374,1871516,0,0.734,4251.506592,0
13:03.8,0.859374,0.390624,0.46875,1871928,0,0.741334,3866.459881,0
13:08.9,0.389409097,0.15576324,0.233645857,1871816,0,1.020809969,3680.81948,0
13:13.9,1.090342679,0.545172336,0.545170343,1871916,0,1.011505047,3914.845236,0
13:18.9,0.389407103,0.15576324,0.233645857,1871740,0,0.683199003,3870.289603,0
13:23.9,1.246105919,0.31152648,0.934579439,1871616,0,0.764277632,3648.21924,0
13:28.9,0.31152648,0.15576324,0.15576324,1871656,0,0.866625794,3726.652651,0
13:33.9,1.479751776,0.31152648,1.168223302,1871600,0,0.71709109,3847.217321,0
13:38.9,0.46728972,0.389407103,0.077882617,1871604,0,0.933750031,3601.603536,0
13:43.9,0.700933583,0.31152648,0.389407103,1871612,0,0.783551402,3937.512601,0
13:49.0,0.388199752,0.077640745,0.310559006,1871760,0,0.852006957,3809.759625,0
13:54.0,1.090342679,0.31152648,0.778816199,1872340,0,0.691838006,3764.751938,0
13:59.0,0.389407103,0,0.389409097,1871920,0,0.651298692,3649.295712,0
14:04.0,1.168225296,0.31152648,0.856696822,1871084,0,0.745005857,3919.123655,0
14:09.0,0.310559006,0.077638758,0.232920248,1871900,0,0.879833043,3634.255663,0
14:14.0,1.015624,0.390626,0.625,1871856,0,1.061334,3780.124805,0
14:19.1,0.543479255,0,0.543477267,1871900,0,0.648612174,4233.416372,0
14:24.1,1.009315776,0.310559006,0.698758758,1871632,0,0.72082882,3669.944303,0
14:29.1,0.546876,0.15625,0.390624,1871576,0,0.993334,5298.228276,0
14:34.1,0.545170343,0.15576324,0.389409097,1871540,0,0.691838006,3880.587352,0
14:39.1,0.78125,0.3125,0.46875,1871488,0,0.752666,4796.593707,0
14:44.1,1.479751776,0.545170343,0.934579439,1871480,0,1.03410243,3663.971291,0
14:49.1,0.390624,0.078126,0.3125,1871456,0,0.728,3844.518016,0
14:54.1,0.78125,0.234374,0.546874,1871408,0,0.816666,3850.816449,0
14:59.1,0.700935576,0.31152648,0.389409097,1871804,0,0.785545171,4291.422495,0
15:04.2,0.856696822,0.233645857,0.62305296,1871140,0,0.634018692,3992.939397,0
15:09.2,0.700935576,0.15576324,0.545170343,1870292,0,0.628701308,3660.791504,0
15:14.2,1.09375,0.3125,0.78125,1870872,0,0.974,3760.167856,0
15:19.2,0.46875,0.15625,0.3125,1870796,0,0.782,3711.737173,0
15:24.2,1.09375,0.15625,0.9375,1870800,0,0.883334,3608.73788,0
15:29.2,1.246105919,0.31152648,0.934579439,1955472,0.380809969,3.429947414,3728.17627,0
15:34.2,1.168223302,0.545170343,0.62305296,1955464,0,0.667912773,3904.4519,0
15:39.2,0.389409097,0.15576324,0.233645857,1955476,0,0.77092486,3661.957941,0
15:44.2,1.090342679,0.15576324,0.934579439,1955512,0,0.673894081,3726.535056,0
15:49.2,0.31152648,0.15576324,0.15576324,1955588,0,1.818317757,3950.61424,0
15:54.2,1.09375,0.703126,0.390624,1955440,0,0.825334,3664.064635,0
15:59.3,0.545170343,0.233643863,0.31152648,1955408,0,0.71908486,3800.84103,0
16:04.3,0.934579439,0.389409097,0.545172336,1956416,0,0.690510156,3926.425499,0
16:09.3,0.31152648,0.077880623,0.233643863,1956136,0,1.805689221,3958.997271,0
16:14.3,1.25,0.46875,0.78125,1956012,0,1.065334,9659.992362,0
16:19.3,0.46875,0.15625,0.3125,1956092,0,0.692666,4052.540788,0
16:24.3,0.9375,0.3125,0.625,1956044,0,0.936668,3704.610981,0
16:29.3,0.233645857,0,0.233645857,1956164,0,0.724402243,3827.004001,0
16:34.3,1.012460062,0.46728972,0.545170343,1956068,0,0.694495701,3921.525085,0
16:39.3,0.546876,0.078126,0.46875,1955808,0,0.592668,16491.41781,0
16:44.3,1.015624,0.234374,0.78125,1955768,0,1.770666,4222.601828,0
16:49.3,0.233645857,0,0.233645857,1955664,0,1.072647975,4036.499026,0
16:54.3,0.856696822,0.389409097,0.46728972,1955628,0,0.929760498,3688.953348,0
16:59.3,0.625,0.078124,0.546874,1955528,0,0.856668,4448.396522,0
17:04.3,1.328126,0.390626,0.9375,1955408,0,0.936,4047.5415,0
17:09.3,0.31152648,0.077880623,0.233645857,1956028,0,0.724402243,3844.40354,0
17:14.4,0.778816199,0.389409097,0.389407103,1955668,0,1.12847352,3705.347637,0
17:19.4,0.546874,0.3125,0.234376,1955580,0,0.669334,3853.600981,0
17:24.4,0.62305296,0.233643863,0.389407103,1955888,0,0.957009346,3674.272522,0
17:29.4,0.15576324,0.077882617,0.077882617,1955724,0,0.726396012,3653.693702,0
17:34.4,1.015626,0.546874,0.46875,1955768,0,0.752,3884.650726,0
17:39.4,0.46728972,0.077882617,0.389407103,1955752,0,0.674558006,3699.218445,0
17:44.4,0.703124,0.234374,0.46875,1955780,0,0.746,3670.756231,0
17:49.4,0.389409097,0,0.389409097,1955808,0,0.921121495,3833.077856,0
17:54.4,0.931677019,0.388199752,0.543477267,1955888,0,0.734741863,3725.694077,0
17:59.4,0.234374,0.078124,0.15625,1955924,0,1.053334,3747.235852,0
18:04.4,0.390626,0.078126,0.3125,1954976,0,0.733332,3844.798655,0
18:09.5,1.012460062,0.233643863,0.778816199,1952544,0,0.923115265,4067.619485,0
